method,faithfulness,answer_correctness,answer_relevancy,context_precision,context_recall,context_entity_recall,semantic_similarity
baseline,1.0,0.9863636363636363,0.9681745036465326,0.9999999999,1.0,0.3933333328261111,1.0000000000000002
hierarchical,0.7951378446115288,0.999999844311937,0.9629430619248002,0.9999999999,0.7933333333333333,0.6039682529370118,0.9999992652116736
