method,faithfulness,answer_correctness,answer_relevancy,context_precision,context_recall,context_entity_recall,semantic_similarity
Contextualized,0.3034523809523809,0.9999999623950415,0.7738161757336636,0.59999999994,0.09,0.14714285691872447,1.0
baseline,0.2213095238095238,1.0,0.7746093210963062,0.59999999994,0.13,0.14436507914750535,1.0
hierarchical,0.12444444444444444,0.959090909090909,0.3809143513720892,0.19999999998,0.1,0.0848484846097337,1.0000000000000004
